StartDate,EndDate,Status,IPAddress,Progress,Duration (in seconds),Finished,RecordedDate,ResponseId,RecipientLastName,RecipientFirstName,RecipientEmail,ExternalReference,LocationLatitude,LocationLongitude,DistributionChannel,UserLanguage,Q_RecaptchaScore,Participant_ID,Scenario,SecondaryTask,AlertEffectiveness,Understandability,Comprehension,Timing,SA_takeover,SA_traffic,SA_overall,SA_HiddenObj,Trust,Satisfaction_Overall,Confidence,Annoyance,Feedback,Perception1_urgency,Perception1_annoy,Perception2_urgency,Perception2_annoy,CompareEffective,CutomizableAlert,ComparedPreferAlert,PreferenceReason
Start Date,End Date,Response Type,IP Address,Progress,Duration (in seconds),Finished,Recorded Date,Response ID,Recipient Last Name,Recipient First Name,Recipient Email,External Data Reference,Location Latitude,Location Longitude,Distribution Channel,User Language,Q_RecaptchaScore,Please enter the assigned participant ID (Given by the researcher),Which scenario did you just completed?,How mentally demanding did you find the secondary task during the simulation?,"On a scale of 1 to 5, how well did the visual (message on the dashboard) and sound alerts successfully captured your attention?",Were the alerts presented in a way that was easy to understand?,Did the alert design enhance your ability to quickly comprehend the situation and respond accordingly?,How satisfied were you with the timing of the alerts?,Did the alerts provide you with timely information about the need to take over control?,How aware were you of the surrounding traffic conditions while using the automated driving system?,To what extent did the alerts contribute to your overall awareness of the driving situation?,Did you observe any of the following while driving in the last scenario?,"On a scale of 1 to 5, how much did you trust the autopilot system?",How satisfied were you with the overall design of the take-over request alerts?,How confident do you feel in your ability to take over control when prompted by the alerts?,Did the alert system cause any annoyance during the takeover?,"Section 4: Optional Feedback

Please provide any additional comments or suggestions regarding the take-over request alerts, including thoughts on the timing of the alerts, and the overall driving experience in this scenario.","On a scale of 1 to 5, how urgent did you feel when you heard the alert sound?","On a scale of 1 to 5, how annoyed did you feel when you heard this alert sound?","On a scale of 1 to 5, how urgent did you feel when you heard the alert sound?","On a scale of 1 to 5, how annoyed did you feel when you heard this alert sound?",Which alert were more effective in grabbing your attention?,"On a scale of 1 to 5, how comfortable are you with the idea of customizing visual and sound alert settings based on your preferences or the nature of the alert?","If given the choice, which set of alert would you prefer more to use or engage with? Why?",Reason for your preference (optional)
"{""ImportId"":""startDate"",""timeZone"":""America/New_York""}","{""ImportId"":""endDate"",""timeZone"":""America/New_York""}","{""ImportId"":""status""}","{""ImportId"":""ipAddress""}","{""ImportId"":""progress""}","{""ImportId"":""duration""}","{""ImportId"":""finished""}","{""ImportId"":""recordedDate"",""timeZone"":""America/New_York""}","{""ImportId"":""_recordId""}","{""ImportId"":""recipientLastName""}","{""ImportId"":""recipientFirstName""}","{""ImportId"":""recipientEmail""}","{""ImportId"":""externalDataReference""}","{""ImportId"":""locationLatitude""}","{""ImportId"":""locationLongitude""}","{""ImportId"":""distributionChannel""}","{""ImportId"":""userLanguage""}","{""ImportId"":""Q_RecaptchaScore""}","{""ImportId"":""QID45_TEXT""}","{""ImportId"":""QID67""}","{""ImportId"":""QID64""}","{""ImportId"":""QID122""}","{""ImportId"":""QID33""}","{""ImportId"":""QID63""}","{""ImportId"":""QID50""}","{""ImportId"":""QID52""}","{""ImportId"":""QID34""}","{""ImportId"":""QID53""}","{""ImportId"":""QID35""}","{""ImportId"":""QID139""}","{""ImportId"":""QID55""}","{""ImportId"":""QID58""}","{""ImportId"":""QID60""}","{""ImportId"":""QID61_TEXT""}","{""ImportId"":""QID124""}","{""ImportId"":""QID128""}","{""ImportId"":""QID131""}","{""ImportId"":""QID132""}","{""ImportId"":""QID133""}","{""ImportId"":""QID136""}","{""ImportId"":""QID137""}","{""ImportId"":""QID138_TEXT""}"
2024-02-23 16:31:22,2024-02-23 16:39:33,IP Address,129.97.124.2,100,491,True,2024-02-23 16:39:34,R_3g7oPLRX8Z7nkVm,,,,,43.469,-80.498,anonymous,EN,0.800000011920929,5178,1st Scenario,Extremely Easy,,Somewhat agree,Somewhat agree,Slightly late,Somewhat agree,Moderately aware,Very much,,,Strongly satisfied,Moderately confident,Not annoying at all,"Because it was the first scenario, and it was new for me, at first I didnt totally trust on the system but after a while it became easier to not to check everything after I answer each question and when I heard the alert at first I didnt understand what's going on but I knew that I have to do something but when I saw the cars I think that was a little late and I needed to change the line sooner than that.",,,,,,,,
2024-02-23 16:47:29,2024-02-23 16:51:02,IP Address,129.97.124.2,100,212,True,2024-02-23 16:51:02,R_60hHapgbCVy6Vjz,,,,,43.469,-80.498,anonymous,EN,0.800000011920929,5178,2nd Scenario,Easy,,Strongly agree,Strongly agree,Just right,Strongly agree,Moderately aware,Very much,A Moose,,Somewhat satisfied,Moderately confident,Not annoying at all,This time it was easier. Only because the weather was not as clear as the previous te again i felt i need to check the serrounding a little.,,,,,,,,
2024-02-23 17:05:11,2024-02-23 17:12:35,IP Address,129.97.124.2,100,444,True,2024-02-23 17:12:36,R_6KHI5hle1LiuI1B,,,,,43.469,-80.498,anonymous,EN,0.800000011920929,5178,3rd Scenario,Demanding,,Strongly agree,Strongly agree,Just right,Strongly agree,Somewhat aware,Completely,,,Strongly satisfied,Very confident,Not annoying at all,"The first time that there was a car in my lane, I didnt hear the sound to taking over but I was not sure whether it is better to wait for that or it is better to take action ASAP so I tried to not to  wait for that. I told myself that it is better to change the lane and not to wait for the sound but the second time if there wasnt the alert i didnt understand that i need to change my lane. ",,,,,,,,
2024-02-23 17:23:39,2024-02-23 17:28:10,IP Address,129.97.124.2,100,271,True,2024-02-23 17:28:11,R_7uNwG44f9fScd8q,,,,,43.469,-80.498,anonymous,EN,0.800000011920929,5178,4th Scenario,Demanding,,Strongly agree,Somewhat agree,Too late,Strongly agree,Not aware at all,Moderately,,,Somewhat disatisfied,Not confident at all,Not annoying at all,It wasnt annoying but this timw i feel confident to put the speed on 120 and when i heard the alert it was too late on that speed to take action. I prefered to hear it a little sooner becaus my speed was higher this time and I was sure that I would here the sound when it is necessary to do sething but I think it was a little late for my speed.,,,,,,,,
2024-02-23 18:24:32,2024-02-23 18:30:23,IP Address,129.97.124.2,100,351,True,2024-02-23 18:30:24,R_12KxVgSq3gmQrzr,,,,,43.469,-80.498,anonymous,EN,0.30000001192092896,6423,1st Scenario,Moderate,,Somewhat agree,Somewhat agree,Slightly late,Somewhat agree,Moderately aware,Moderately,A Moose,,Somewhat satisfied,Somewhat confident,Not annoying at all,It would be nicer if the system could tell where the source that trigger the alerts are coming from.,,,,,,,,
2024-02-23 18:38:46,2024-02-23 18:43:05,IP Address,129.97.124.2,100,259,True,2024-02-23 18:43:06,R_5JKL9CVdjYBY5pf,,,,,43.469,-80.498,anonymous,EN,0.699999988079071,6423,2nd Scenario,Moderate,,Neither agree nor disagree,Somewhat agree,Just right,Somewhat agree,Moderately aware,Moderately,"A Fire Truck,A Moose",,Somewhat satisfied,Moderately confident,Not annoying at all,I coule adapt to the alert more for this second scenario.,,,,,,,,
2024-02-23 18:56:53,2024-02-23 19:00:01,IP Address,129.97.124.2,100,187,True,2024-02-23 19:00:02,R_5PRlxEtBNFistXl,,,,,43.469,-80.498,anonymous,EN,0.699999988079071,6423,3rd Scenario,Moderate,,Neither agree nor disagree,Neither agree nor disagree,Just right,Somewhat agree,Moderately aware,Moderately,,,Neither satisfied nor disatisfied,Moderately confident,Not annoying at all,,,,,,,,,
2024-02-23 19:06:40,2024-02-23 19:10:36,IP Address,129.97.124.2,100,236,True,2024-02-23 19:10:36,R_3m80TmOZuYDRYO4,,,,,43.469,-80.498,anonymous,EN,0.30000001192092896,6423,4th Scenario,Moderate,,Neither agree nor disagree,Somewhat agree,Just right,Somewhat agree,Moderately aware,Very much,Car Crashes,,Somewhat satisfied,Moderately confident,Not annoying at all,,,,,,,,,
2024-02-26 16:11:20,2024-02-26 17:09:31,IP Address,129.97.124.1,100,3491,True,2024-02-26 17:09:32,R_7JtwxEL7nxqXRGK,,,,,43.469,-80.498,anonymous,EN,1,5037,1st Scenario,Extremely Easy,,Somewhat disagree,Somewhat disagree,Slightly late,Neither agree nor disagree,Extremely aware,Slightly,,,Strongly disatisfied,Very confident,Not annoying at all,,,,,,,,,
2024-02-26 17:27:35,2024-02-26 17:30:02,IP Address,129.97.124.1,100,147,True,2024-02-26 17:30:02,R_6pxjQXowkUNfhYt,,,,,43.469,-80.498,anonymous,EN,0.8999999761581421,5037,2nd Scenario,Demanding,,Somewhat agree,Neither agree nor disagree,Just right,Somewhat agree,Moderately aware,Slightly,,,Somewhat disatisfied,Moderately confident,Slightly annoying,,,,,,,,,
2024-02-26 17:38:28,2024-02-26 17:40:38,IP Address,129.97.124.1,100,129,True,2024-02-26 17:40:39,R_1j9it6IpAFxM9Xz,,,,,43.469,-80.498,anonymous,EN,0.8999999761581421,5037,3rd Scenario,Moderate,,Somewhat agree,Strongly agree,Slightly late,Somewhat agree,Moderately aware,Very much,A Moose,,Somewhat satisfied,Moderately confident,Slightly annoying,,,,,,,,,
2024-02-26 17:50:49,2024-02-26 17:53:09,IP Address,129.97.124.1,100,139,True,2024-02-26 17:53:09,R_5JCN2BigCEHXzqo,,,,,43.469,-80.498,anonymous,EN,0.8999999761581421,5037,4th Scenario,Extremely Easy,,Strongly agree,Strongly agree,Just right,Neither agree nor disagree,Somewhat aware,Very much,"Car Crashes,A Moose",,Somewhat satisfied,Moderately confident,Not annoying at all,,,,,,,,,
2024-02-27 15:02:07,2024-02-27 16:01:53,IP Address,129.97.124.15,100,3585,True,2024-02-27 16:01:53,R_5ZJIS5dTftAwEF3,,,,,43.469,-80.498,anonymous,EN,1,2765,1st Scenario,Moderate,,Somewhat disagree,Somewhat agree,Just right,Somewhat agree,Moderately aware,Moderately,,,Somewhat satisfied,Moderately confident,Moderately annoying,,,,,,,,,
2024-02-27 16:02:06,2024-02-27 16:04:40,IP Address,129.97.124.15,100,154,True,2024-02-27 16:04:41,R_30ufRiTD7gUQe8V,,,,,43.469,-80.498,anonymous,EN,0.8999999761581421,2765,2nd Scenario,Moderate,,Somewhat disagree,Somewhat disagree,Just right,Strongly agree,Extremely aware,Very much,A Cyclist,,Somewhat satisfied,Very confident,Moderately annoying,,,,,,,,,
2024-02-27 16:12:47,2024-02-27 16:14:28,IP Address,129.97.124.15,100,101,True,2024-02-27 16:14:28,R_7fCa4hH0ar7HdOa,,,,,43.469,-80.498,anonymous,EN,0.8999999761581421,2765,3rd Scenario,Easy,,Somewhat agree,Somewhat agree,Just right,Somewhat agree,Extremely aware,Completely,A Moose,,Somewhat satisfied,Moderately confident,Moderately annoying,,,,,,,,,
2024-02-27 16:27:59,2024-02-27 16:29:52,IP Address,129.97.124.15,100,113,True,2024-02-27 16:29:53,R_1fINjNWVNtf75Zy,,,,,43.469,-80.498,anonymous,EN,0.8999999761581421,2765,4th Scenario,Easy,,Somewhat agree,Somewhat agree,Just right,Somewhat agree,Extremely aware,Moderately,"Car Crashes,An Ambulance,A Moose",,Somewhat satisfied,Moderately confident,Slightly annoying,,,,,,,,,
2024-02-29 12:42:27,2024-02-29 12:45:07,IP Address,129.97.124.25,100,159,True,2024-02-29 12:45:07,R_6nbesHFMfuqDAzf,,,,,43.469,-80.498,anonymous,EN,1,7201,1st Scenario,Extremely Easy,,Strongly agree,Somewhat agree,Just right,Strongly agree,Moderately aware,Very much,"Car Crashes,A Fire Truck",,Strongly satisfied,Extremely confident,Not annoying at all,,,,,,,,,
2024-02-29 13:02:42,2024-02-29 13:05:15,IP Address,129.97.124.25,100,152,True,2024-02-29 13:05:15,R_628UWiWY7RCMmzY,,,,,43.469,-80.498,anonymous,EN,0.8999999761581421,7201,2nd Scenario,Moderate,,Strongly agree,Strongly agree,Slightly late,Somewhat agree,Very aware,Very much,Car Crashes,,Somewhat satisfied,Extremely confident,Not annoying at all,,,,,,,,,
2024-02-29 13:14:38,2024-02-29 13:16:22,IP Address,129.97.124.25,100,104,True,2024-02-29 13:16:23,R_7MUYVuVA00GrWjT,,,,,43.469,-80.498,anonymous,EN,0.8999999761581421,7201,3rd Scenario,Extremely Demanding,,Strongly agree,Somewhat agree,Slightly late,Somewhat agree,Extremely aware,Very much,A Moose,,Somewhat satisfied,Extremely confident,Not annoying at all,,,,,,,,,
2024-02-29 13:23:25,2024-02-29 13:26:22,IP Address,129.97.124.25,100,176,True,2024-02-29 13:26:22,R_3fx1Bq6MjEvmoh3,,,,,43.469,-80.498,anonymous,EN,0.8999999761581421,7201,4th Scenario,Demanding,,Strongly agree,Neither agree nor disagree,Too late,Somewhat disagree,Very aware,Completely,An Ambulance,,Strongly satisfied,Extremely confident,Not annoying at all,,,,,,,,,
2024-02-29 18:06:07,2024-02-29 18:13:07,IP Address,129.97.124.25,100,419,True,2024-02-29 18:13:08,R_6PITGVL2SUawC3f,,,,,43.469,-80.498,anonymous,EN,1,2156,1st Scenario,Easy,,Somewhat agree,Somewhat disagree,Slightly late,Somewhat disagree,Moderately aware,Moderately,Car Crashes,,Neither satisfied nor disatisfied,Somewhat confident,Slightly annoying,"First, I cannot remmeber now what the alerts said on the screen. I only recall beep sound with some text. There were two attentions I needed to pay for - a road closure and a car speeding up in the right. I am not even sure which one the alertbwas targeting to. So I think it might better if there were alert/flashing light on the right mirror too.",,,,,,,,
2024-02-29 18:20:36,2024-02-29 18:27:01,IP Address,129.97.124.25,100,384,True,2024-02-29 18:27:01,R_76DnPmO7I2dDulr,,,,,43.469,-80.498,anonymous,EN,1,2156,2nd Scenario,Moderate,,Somewhat disagree,Neither agree nor disagree,Just right,Somewhat agree,Extremely aware,Moderately,A Moose,,Strongly disatisfied,Moderately confident,Moderately annoying,"I think wording like ""potential take-over"" popping up on console screen is not the best way to prompt thebdriver. For times like this that requires me to instantly brake, the last thing I would ever want to do is getting distracted from the front view. Better if the sound was designed in a unique way that the driver learns it once and understand that every time it requirew take-overs.",,,,,,,,
2024-02-29 18:34:52,2024-02-29 18:40:46,IP Address,129.97.124.25,100,354,True,2024-02-29 18:40:47,R_62QlnGzAXlh9RHG,,,,,43.469,-80.498,anonymous,EN,1,2156,3rd Scenario,Demanding,,Neither agree nor disagree,Somewhat disagree,Slightly late,Neither agree nor disagree,Very aware,Moderately,A Cyclist,,Neither satisfied nor disatisfied,Moderately confident,Not annoying at all,"I personally am a kind of person who would be more aware of what could happen every time I see a big/high truck/vehicle. So, I was guessing something might happen when I saw the vehicle far away and was ready to take control before the alert came up. However, the way the alert sounds was not thay annoying and quite helpful in this case though.",,,,,,,,
2024-02-29 18:51:30,2024-02-29 18:58:57,IP Address,129.97.124.25,100,447,True,2024-02-29 18:58:58,R_3DHZj5FQdjc7hH8,,,,,43.469,-80.498,anonymous,EN,1,2156,4th Scenario,Demanding,,Somewhat agree,Somewhat agree,Just right,Somewhat agree,Very aware,Very much,A Fire Truck,,Neither satisfied nor disatisfied,Moderately confident,Not annoying at all,"The text showing up when alerting could be better. I dont remember exactly but it kinda said something generic. I believe the detection system could have detected that a car was pulling off from the right, so the text could be improved to something like ""attention on the front right"" or ""a car pulling off from the right""",,,,,,,,
2024-03-01 16:42:24,2024-03-01 16:45:25,IP Address,129.97.124.26,100,181,True,2024-03-01 16:45:26,R_3lrhi1734J81OyB,,,,,43.469,-80.498,anonymous,EN,1,1423,1st Scenario,Demanding,,Strongly agree,Somewhat agree,Slightly late,Somewhat agree,Very aware,Moderately,Car Crashes,,Somewhat satisfied,Moderately confident,Slightly annoying,I think the timing of the allert should be a bit earlier and instad of saying be vigilant maybe saying something is ahead and pay attention.,,,,,,,,
2024-03-01 16:54:00,2024-03-01 16:56:02,IP Address,129.97.124.26,100,121,True,2024-03-01 16:56:02,R_7V39OZUC1m1pC0x,,,,,43.469,-80.498,anonymous,EN,0.8999999761581421,1423,2nd Scenario,Extremely Demanding,,Somewhat agree,Strongly disagree,Too late,Somewhat agree,Moderately aware,Slightly,"Car Crashes,A Cyclist",,Neither satisfied nor disatisfied,Somewhat confident,Slightly annoying,The alert was given too late giving me almost no time to take action.,,,,,,,,
2024-03-01 17:04:36,2024-03-01 17:07:23,IP Address,129.97.124.26,100,166,True,2024-03-01 17:07:23,R_7NyRwS2qCXycD1P,,,,,43.469,-80.498,anonymous,EN,0.8999999761581421,1423,3rd Scenario,Demanding,,Somewhat agree,Neither agree nor disagree,Just right,Somewhat disagree,Moderately aware,Slightly,"An Ambulance,A Moose",,Somewhat satisfied,Moderately confident,Not annoying at all,The alert system was not helping this time. Maybe I took actiob earlier so I was more vigilant myself beforehand.,,,,,,,,
2024-03-01 17:18:10,2024-03-01 17:20:45,IP Address,129.97.124.26,100,155,True,2024-03-01 17:20:45,R_5Sc72ArwOmFYENV,,,,,43.469,-80.498,anonymous,EN,0.8999999761581421,1423,4th Scenario,Easy,,Somewhat agree,Somewhat agree,Slightly late,Somewhat agree,Somewhat aware,Very much,Car Crashes,,Somewhat disatisfied,Very confident,Not annoying at all,This time the alerts were more understanable for me and easier and i could take action better. Again the title of allerts could be different. Something like a block ahead.,,,,,,,,
2024-03-02 10:55:16,2024-03-02 11:02:04,IP Address,129.97.124.8,100,408,True,2024-03-02 11:02:05,R_3RU05D0LvAP6g65,,,,,43.469,-80.498,anonymous,EN,1,3984,1st Scenario,Moderate,,Strongly agree,Strongly agree,Just right,Strongly agree,Moderately aware,Completely,Car Crashes,,Strongly satisfied,Moderately confident,Slightly annoying,"I would have preferred the alert came a little earlier. The timing was sufticient for a takeover but it still rattled me a bit, I think if I was alerted we earlier I would have had more time to readjust and take assume control.",,,,,,,,
2024-03-02 11:10:23,2024-03-02 11:13:04,IP Address,129.97.124.8,100,160,True,2024-03-02 11:13:04,R_5R3fOlK1GFfpSeB,,,,,43.469,-80.498,anonymous,EN,0.8999999761581421,3984,2nd Scenario,Easy,,Strongly agree,Strongly agree,Slightly early,Strongly agree,Extremely aware,Completely,A Moose,,Strongly satisfied,Extremely confident,Not annoying at all,Satisfied,,,,,,,,
2024-03-02 11:22:15,2024-03-02 11:26:02,IP Address,129.97.124.8,100,227,True,2024-03-02 11:26:03,R_3ZHv0Y3ODcRtiVT,,,,,43.469,-80.498,anonymous,EN,0.8999999761581421,3984,3rd Scenario,Demanding,,Somewhat agree,Somewhat agree,Just right,Somewhat agree,Very aware,Very much,A Fire Truck,,Somewhat satisfied,Moderately confident,Not annoying at all,"Much more satisfied but the alert could be more descriptive. Maybe accompanied by a voice that says ""take over"".",,,,,,,,
2024-03-02 11:38:45,2024-03-02 11:41:47,IP Address,129.97.124.8,100,182,True,2024-03-02 11:41:48,R_6qJS6NUiSyfCrBv,,,,,43.469,-80.498,anonymous,EN,0.8999999761581421,3984,4th Scenario,Easy,,Strongly agree,Strongly agree,Just right,Strongly agree,Extremely aware,Completely,A Fire Truck,,Strongly satisfied,Extremely confident,Not annoying at all,Great. Least demanding of all.,,,,,,,,
2024-03-04 11:57:26,2024-03-04 12:00:26,IP Address,72.143.193.182,100,179,True,2024-03-04 12:00:27,R_3LhZHxhNITs5dx3,,,,,43.7489,-79.4422,anonymous,EN,1,3572,1st Scenario,Moderate,,Somewhat agree,Somewhat agree,Slightly late,Somewhat agree,Moderately aware,Moderately,,,Somewhat satisfied,Somewhat confident,Not annoying at all,,,,,,,,,
2024-03-04 12:10:11,2024-03-04 12:11:53,IP Address,72.143.193.58,100,101,True,2024-03-04 12:11:54,R_5MA5AKLxD4bkzf4,,,,,43.7489,-79.4422,anonymous,EN,0.8999999761581421,3572,2nd Scenario,I did not complete the secondary task,,Somewhat agree,Somewhat agree,Slightly late,Somewhat agree,Very aware,Very much,A Moose,,Somewhat satisfied,Moderately confident,Not annoying at all,,,,,,,,,
2024-03-04 12:21:15,2024-03-04 12:23:00,IP Address,72.143.193.58,100,104,True,2024-03-04 12:23:00,R_3LSBoWnTnjzfouF,,,,,43.7489,-79.4422,anonymous,EN,0.8999999761581421,3572,3rd Scenario,Moderate,,Somewhat agree,Strongly agree,Slightly late,Somewhat agree,Somewhat aware,Very much,,,Somewhat satisfied,Moderately confident,Not annoying at all,,,,,,,,,
2024-03-04 12:36:20,2024-03-04 12:38:08,IP Address,72.143.193.58,100,108,True,2024-03-04 12:38:09,R_1Ywlw5RLhu19G4p,,,,,43.7489,-79.4422,anonymous,EN,0.8999999761581421,3572,4th Scenario,Moderate,,Somewhat agree,Somewhat agree,Slightly late,Somewhat agree,Somewhat aware,Very much,,,Somewhat satisfied,Moderately confident,Not annoying at all,,,,,,,,,
2024-03-04 14:37:37,2024-03-04 14:39:14,IP Address,72.143.192.1,100,97,True,2024-03-04 14:39:14,R_1hcIpsHdCPtfLsP,,,,,43.7489,-79.4422,anonymous,EN,1,4897,1st Scenario,I did not complete the secondary task,,Somewhat agree,Somewhat disagree,Slightly late,Somewhat disagree,Moderately aware,Slightly,Car Crashes,,Somewhat disatisfied,Very confident,Not annoying at all,,,,,,,,,
2024-03-04 14:47:10,2024-03-04 14:48:42,IP Address,72.143.192.1,100,92,True,2024-03-04 14:48:42,R_1LeDWsBEuSSiItD,,,,,43.7489,-79.4422,anonymous,EN,0.8999999761581421,4897,2nd Scenario,I did not complete the secondary task,,Strongly disagree,Somewhat agree,Too late,Strongly disagree,Moderately aware,Moderately,"Car Crashes,A Moose",,Strongly disatisfied,Moderately confident,Not annoying at all,,,,,,,,,
2024-03-04 14:58:02,2024-03-04 14:59:10,IP Address,72.143.192.1,100,67,True,2024-03-04 14:59:10,R_6A14gJeitNzTyrC,,,,,43.7489,-79.4422,anonymous,EN,0.8999999761581421,4897,3rd Scenario,Demanding,,Somewhat agree,Somewhat agree,Just right,Somewhat agree,Very aware,Moderately,,,Somewhat satisfied,Moderately confident,Not annoying at all,,,,,,,,,
2024-03-04 15:10:54,2024-03-04 15:12:19,IP Address,72.143.192.1,100,84,True,2024-03-04 15:12:19,R_594yfccfi6PHN7O,,,,,43.7489,-79.4422,anonymous,EN,0.8999999761581421,4897,4th Scenario,Demanding,,Strongly agree,Strongly agree,Just right,Strongly agree,Extremely aware,Completely,Car Crashes,,Strongly satisfied,Extremely confident,Not annoying at all,,,,,,,,,
2024-03-08 17:21:14,2024-03-08 17:23:16,IP Address,129.97.124.27,100,122,True,2024-03-08 17:23:16,R_3Mh5jkx9vfxvUm3,,,,,43.474,-80.554,anonymous,EN,0.8999999761581421,7162,1st Scenario,I did not complete the secondary task,3,Somewhat agree,Somewhat agree,Just right,Strongly agree,Very aware,Moderately,A Moose,,Somewhat satisfied,Extremely confident,Not annoying at all,,,,,,,,,
2024-03-08 17:31:36,2024-03-08 17:32:59,IP Address,129.97.124.27,100,82,True,2024-03-08 17:32:59,R_2HXoK1HDDsAdfoQ,,,,,43.474,-80.554,anonymous,EN,0.8999999761581421,7162,2nd Scenario,Extremely Easy,4,Somewhat agree,Strongly agree,Slightly early,Somewhat agree,Extremely aware,Very much,"Car Crashes,A Fire Truck,A Moose",,Somewhat satisfied,Extremely confident,Not annoying at all,,,,,,,,,
2024-03-08 17:43:54,2024-03-08 17:45:22,IP Address,129.97.124.27,100,88,True,2024-03-08 17:45:23,R_28OkCN2dSpsjBqO,,,,,43.474,-80.554,anonymous,EN,0.8999999761581421,7162,3rd Scenario,Moderate,5,Strongly agree,Strongly agree,Just right,Strongly agree,Very aware,Moderately,A Cyclist,,Strongly satisfied,Extremely confident,Not annoying at all,,,,,,,,,
2024-03-08 17:52:42,2024-03-08 17:57:27,IP Address,129.97.124.27,100,284,True,2024-03-08 17:57:28,R_5l1iGlrN13kWlCF,,,,,43.474,-80.554,anonymous,EN,0.8999999761581421,7162,4th Scenario,Demanding,3,Neither agree nor disagree,Strongly disagree,Too late,Strongly disagree,Extremely aware,Not at all,,,Neither satisfied nor disatisfied,Extremely confident,Not annoying at all,,2,1,1,3,Definitely the first alert,3,The first alert,
2024-03-09 10:31:26,2024-03-09 10:34:15,IP Address,129.97.124.18,100,169,True,2024-03-09 10:34:16,R_7R4G4kmJv0meXul,,,,,43.474,-80.554,anonymous,EN,1,3678,1st Scenario,I did not complete the secondary task,3,Somewhat agree,Neither agree nor disagree,Just right,Somewhat agree,Very aware,Slightly,A Moose,,Somewhat disatisfied,Moderately confident,Slightly annoying,Felt unnecessary because the takeover alerts were due to my inputs.,,,,,,,,
2024-03-09 10:41:31,2024-03-09 10:43:58,IP Address,129.97.124.18,100,147,True,2024-03-09 10:43:58,R_3Yti8KF2jFDnDr3,,,,,43.474,-80.554,anonymous,EN,0.8999999761581421,3678,2nd Scenario,Demanding,4,Neither agree nor disagree,Neither agree nor disagree,Just right,Somewhat disagree,Somewhat aware,Moderately,"Car Crashes,A Fire Truck,A Moose",,Somewhat disatisfied,Somewhat confident,Moderately annoying,"Had to brake due to the acc and was confused when the restraints pulled on me. Made me feep a little dizzy because of the brakint feedback, so probably less aware due to this",,,,,,,,
2024-03-09 10:52:40,2024-03-09 10:54:57,IP Address,129.97.124.18,100,136,True,2024-03-09 10:54:57,R_1Nk7F9zW31XhlNg,,,,,43.474,-80.554,anonymous,EN,0.8999999761581421,3678,3rd Scenario,Demanding,4,Somewhat agree,Somewhat agree,Just right,Somewhat agree,Somewhat aware,Moderately,,,Somewhat satisfied,Moderately confident,Slightly annoying,The sound was more useful than thr dash indicator. Still dizzy but the alert helpede see the merging truck,,,,,,,,
2024-03-09 11:05:26,2024-03-09 11:10:45,IP Address,129.97.124.18,100,318,True,2024-03-09 11:10:45,R_5DOiDi49FvDSW2m,,,,,43.474,-80.554,anonymous,EN,0.8999999761581421,3678,4th Scenario,Demanding,3,Somewhat agree,Somewhat agree,Just right,Somewhat agree,Not aware at all,Slightly,,,Somewhat satisfied,Moderately confident,Slightly annoying,"Still dizzy, appropriately timed so i saw the police car, the dash message contained some good information",2,2,2,1,Somewhat the first alert,4,The second alert,"I dont like to be froghtened while driving, calm is always better"
2024-03-09 13:28:14,2024-03-09 13:31:16,IP Address,129.97.124.18,100,182,True,2024-03-09 13:31:17,R_3MKJOCRIRtgUepl,,,,,43.474,-80.554,anonymous,EN,0.8999999761581421,4385,1st Scenario,I did not complete the secondary task,2,Somewhat disagree,Somewhat disagree,Just right,Somewhat disagree,Very aware,Slightly,"Car Crashes,An Ambulance,A Moose",,Somewhat disatisfied,Very confident,Not annoying at all,Stay vigilant was unclear what it meant,,,,,,,,
2024-03-09 13:40:53,2024-03-09 13:42:47,IP Address,129.97.124.18,100,114,True,2024-03-09 13:42:48,R_2Lhd81tOPCDxdE8,,,,,43.474,-80.554,anonymous,EN,0.8999999761581421,4385,2nd Scenario,I did not complete the secondary task,,,,,,Very aware,,A Cyclist,,,,,,,,,,,,,
2024-03-09 13:50:40,2024-03-09 13:52:43,IP Address,129.97.124.18,100,122,True,2024-03-09 13:52:44,R_5V4k8JvNGK6IcYX,,,,,43.474,-80.554,anonymous,EN,0.8999999761581421,4385,3rd Scenario,Moderate,3,Somewhat agree,Somewhat disagree,Just right,Somewhat agree,Very aware,Moderately,"Car Crashes,A Moose",,Somewhat satisfied,Very confident,Not annoying at all,,,,,,,,,
2024-03-09 14:03:41,2024-03-09 14:09:45,IP Address,129.97.124.18,100,363,True,2024-03-09 14:09:45,R_1F4h6E9CG9za5wn,,,,,43.474,-80.554,anonymous,EN,0.8999999761581421,4385,4th Scenario,Easy,3,Somewhat agree,Somewhat agree,Just right,Somewhat agree,Very aware,Slightly,Car Crashes,,Somewhat satisfied,Moderately confident,Not annoying at all,,2,2,1,2,Definitely the first alert,3,The first alert,
2024-03-09 15:37:43,2024-03-09 15:39:42,IP Address,129.97.124.18,100,119,True,2024-03-09 15:39:43,R_1FrsIdeoLwkp2lH,,,,,43.474,-80.554,anonymous,EN,0.800000011920929,8093,1st Scenario,I did not complete the secondary task,4,Strongly agree,Strongly agree,Slightly late,Strongly agree,Moderately aware,Moderately,,,Strongly satisfied,Very confident,Not annoying at all,,,,,,,,,
2024-03-09 15:47:27,2024-03-09 15:48:52,IP Address,129.97.124.18,100,84,True,2024-03-09 15:48:52,R_7rH8OuRw1x8V1Jv,,,,,43.474,-80.554,anonymous,EN,0.699999988079071,8093,2nd Scenario,Extremely Easy,2,Somewhat agree,Somewhat disagree,Slightly late,Somewhat disagree,Very aware,Moderately,,,Somewhat satisfied,Very confident,Not annoying at all,,,,,,,,,
2024-03-09 15:56:23,2024-03-09 15:57:45,IP Address,129.97.124.18,100,81,True,2024-03-09 15:57:45,R_14IMDHYmwCJGu9r,,,,,43.474,-80.554,anonymous,EN,0.8999999761581421,8093,3rd Scenario,Easy,4,Somewhat agree,Somewhat agree,Just right,Somewhat agree,Moderately aware,Very much,A Moose,,Somewhat satisfied,Very confident,Not annoying at all,,,,,,,,,
2024-03-09 16:09:52,2024-03-09 16:16:43,IP Address,129.97.124.18,100,410,True,2024-03-09 16:16:43,R_5KVhJWTW1dkVq5X,,,,,43.474,-80.554,anonymous,EN,0.8999999761581421,8093,4th Scenario,Easy,3,Somewhat agree,Somewhat agree,Just right,Somewhat agree,Very aware,Slightly,A Moose,,Somewhat satisfied,Very confident,Not annoying at all,the moose outside the highway should have triggered some sort of warning,4,1,3,1,Definitely the first alert,5,The first alert,grabs attention more
2024-03-09 17:37:37,2024-03-09 17:41:17,IP Address,129.97.124.18,100,219,True,2024-03-09 17:41:18,R_1ruzdPpL62cpXF4,,,,,43.474,-80.554,anonymous,EN,0.8999999761581421,1982,1st Scenario,Extremely Demanding,5,Strongly agree,Strongly agree,Slightly late,Somewhat disagree,Moderately aware,Very much,,,Somewhat satisfied,Moderately confident,Slightly annoying,The alert was kind of distracting when I thought I couldve handled the situation better myself.,,,,,,,,
2024-03-09 17:49:17,2024-03-09 17:52:14,IP Address,129.97.124.18,100,177,True,2024-03-09 17:52:14,R_7AQprTssT4guX2g,,,,,43.474,-80.554,anonymous,EN,0.8999999761581421,1982,2nd Scenario,Moderate,5,Strongly agree,Strongly agree,Just right,Strongly agree,Very aware,Slightly,"Car Crashes,A Fire Truck,A Moose",,Somewhat satisfied,Very confident,Not annoying at all,,,,,,,,,
2024-03-09 18:00:46,2024-03-09 18:02:40,IP Address,129.97.124.18,100,114,True,2024-03-09 18:02:40,R_1VkEDs6P802xxGV,,,,,43.474,-80.554,anonymous,EN,0.8999999761581421,1982,3rd Scenario,Extremely Demanding,5,Strongly agree,Somewhat agree,Just right,Somewhat agree,Very aware,Moderately,A Cyclist,,Somewhat satisfied,Very confident,Not annoying at all,,,,,,,,,
2024-03-09 18:15:03,2024-03-09 18:22:15,IP Address,129.97.124.18,100,431,True,2024-03-09 18:22:15,R_3xSoU4pfXhxEQLO,,,,,43.474,-80.554,anonymous,EN,0.699999988079071,1982,4th Scenario,Extremely Demanding,5,Somewhat agree,Somewhat agree,Slightly late,Neither agree nor disagree,Extremely aware,Slightly,"Car Crashes,An Ambulance,A Moose",,Somewhat satisfied,Extremely confident,Not annoying at all,,4,1,1,1,Definitely the first alert,5,The first alert,The first alert sounded more urgent and important because of the repetitive nature. But I would like to customize the settings for different alert situations.
2024-03-09 19:33:41,2024-03-09 19:35:49,IP Address,129.97.124.18,100,128,True,2024-03-09 19:35:50,R_39sHxPFfcTsisqY,,,,,43.474,-80.554,anonymous,EN,0.8999999761581421,4578,1st Scenario,I did not complete the secondary task,3,Strongly agree,Somewhat agree,Slightly late,Somewhat agree,Somewhat aware,Very much,Car Crashes,,Somewhat satisfied,Moderately confident,Not annoying at all,,,,,,,,,
2024-03-09 19:43:50,2024-03-09 19:45:21,IP Address,129.97.124.18,100,91,True,2024-03-09 19:45:22,R_7qO31tbA6Vc3kxv,,,,,43.474,-80.554,anonymous,EN,0.8999999761581421,4578,2nd Scenario,I did not complete the secondary task,3,Somewhat agree,Somewhat agree,Just right,Somewhat agree,Moderately aware,Moderately,A Cyclist,,Somewhat satisfied,Moderately confident,Not annoying at all,,,,,,,,,
2024-03-09 20:01:20,2024-03-09 20:03:00,IP Address,129.97.124.18,100,100,True,2024-03-09 20:03:00,R_3rfiZr5X5xZWUsV,,,,,43.474,-80.554,anonymous,EN,0.8999999761581421,4578,3rd Scenario,Demanding,5,Somewhat agree,Strongly disagree,Just right,Somewhat disagree,Not aware at all,Slightly,"A Fire Truck,A Moose",,Somewhat satisfied,Somewhat confident,Not annoying at all,,,,,,,,,
2024-03-09 20:13:49,2024-03-09 20:20:49,IP Address,129.97.124.18,100,419,True,2024-03-09 20:20:49,R_5j6SlvHUOF274tv,,,,,43.474,-80.554,anonymous,EN,0.8999999761581421,4578,4th Scenario,Extremely Demanding,5,Somewhat agree,Somewhat agree,Just right,Somewhat agree,Not aware at all,Slightly,An Ambulance,,Somewhat satisfied,Somewhat confident,Not annoying at all,,5,1,5,1,Definitely the first alert,5,The first alert,
2024-03-10 12:35:45,2024-03-10 12:38:53,IP Address,129.97.124.27,100,188,True,2024-03-10 12:38:54,R_5oRflq5UDOSVygm,,,,,43.474,-80.554,anonymous,EN,1,5019,1st Scenario,I did not complete the secondary task,,,,,,Moderately aware,,"An Ambulance,A Moose",,,,,,,,,,,,,
2024-03-10 12:48:53,2024-03-10 12:50:47,IP Address,129.97.124.27,100,114,True,2024-03-10 12:50:48,R_2L0VgYlL354em6V,,,,,43.474,-80.554,anonymous,EN,1,5019,2nd Scenario,Moderate,4,Somewhat agree,Strongly agree,Too late,Somewhat agree,Somewhat aware,Slightly,A Cyclist,,Somewhat satisfied,Moderately confident,Not annoying at all,"The alert system was effective, it was just too late.",,,,,,,,
2024-03-10 12:57:50,2024-03-10 12:59:39,IP Address,129.97.124.27,100,108,True,2024-03-10 12:59:39,R_2zpSrzelkb7VEIr,,,,,43.474,-80.554,anonymous,EN,1,5019,3rd Scenario,Easy,5,Strongly agree,Neither agree nor disagree,Just right,Strongly agree,Moderately aware,Very much,"A Fire Truck,A Moose",,Somewhat satisfied,Very confident,Not annoying at all,,,,,,,,,
2024-03-10 13:05:39,2024-03-10 13:14:28,IP Address,129.97.124.27,100,529,True,2024-03-10 13:14:29,R_2D0u6zjDZfbP3gS,,,,,43.474,-80.554,anonymous,EN,1,5019,4th Scenario,Extremely Easy,5,Somewhat agree,Strongly agree,Just right,Strongly agree,Somewhat aware,Very much,An Ambulance,,Strongly satisfied,Extremely confident,Not annoying at all,,5,2,5,4,Both equally,3,The first alert,The first is attention capturing but less annoying
2024-03-10 15:43:17,2024-03-10 15:45:17,IP Address,129.97.124.27,100,119,True,2024-03-10 15:45:18,R_2pb4OcuLxJbM74t,,,,,43.474,-80.554,anonymous,EN,1,8564,1st Scenario,Moderate,4,Strongly agree,Neither agree nor disagree,Slightly late,Somewhat agree,Moderately aware,Moderately,"An Ambulance,A Fire Truck",,Somewhat satisfied,Moderately confident,Slightly annoying,,,,,,,,,
2024-03-10 15:54:59,2024-03-10 15:56:28,IP Address,129.97.124.27,100,89,True,2024-03-10 15:56:28,R_3M6vVeouZwx49Vh,,,,,43.474,-80.554,anonymous,EN,1,8564,2nd Scenario,Easy,5,Strongly agree,Somewhat agree,Just right,Strongly agree,Very aware,Very much,A Fire Truck,,Strongly satisfied,Very confident,Not annoying at all,,,,,,,,,
2024-03-10 16:04:04,2024-03-10 16:06:54,IP Address,129.97.124.27,100,169,True,2024-03-10 16:06:54,R_22lG8udnudZasUO,,,,,43.474,-80.554,anonymous,EN,1,8564,3rd Scenario,Demanding,4,Strongly agree,Somewhat agree,Slightly late,Somewhat disagree,Very aware,Moderately,Car Crashes,,Somewhat disatisfied,Very confident,Slightly annoying,Instead of th system prompting take control and driver pressing break can it grant control automatically after the alert,,,,,,,,
2024-03-10 16:17:39,2024-03-10 16:23:41,IP Address,129.97.124.27,100,361,True,2024-03-10 16:23:41,R_3BlZYxI60R2BcjO,,,,,43.474,-80.554,anonymous,EN,0.8999999761581421,8564,4th Scenario,Moderate,4,Somewhat agree,Somewhat agree,Slightly late,Somewhat disagree,Very aware,Moderately,A Moose,,Strongly disatisfied,Very confident,Not annoying at all,The alert to take control was too late,3,1,1,2,Definitely the first alert,4,The first alert,Alert sound was more clear and comfortable to hear for the first alert. Second alert was a little annoying.
2024-03-10 18:07:28,2024-03-10 18:09:45,IP Address,129.97.124.27,100,137,True,2024-03-10 18:09:46,R_2PenWgXSAoukh9L,,,,,43.474,-80.554,anonymous,EN,0.8999999761581421,1843,1st Scenario,I did not complete the secondary task,3,Somewhat disagree,Somewhat disagree,Too late,Neither agree nor disagree,Moderately aware,Slightly,Car Crashes,,Somewhat disatisfied,Somewhat confident,Slightly annoying,"The alert was a little late ",,,,,,,,
2024-03-10 18:17:46,2024-03-10 18:19:11,IP Address,129.97.124.27,100,84,True,2024-03-10 18:19:12,R_2KqcUdzCjVKL9ry,,,,,43.474,-80.554,anonymous,EN,0.8999999761581421,1843,2nd Scenario,I did not complete the secondary task,3,Somewhat disagree,Somewhat disagree,Slightly late,Neither agree nor disagree,Moderately aware,Slightly,"Car Crashes,A Fire Truck,A Moose",,Somewhat disatisfied,Moderately confident,Slightly annoying,,,,,,,,,
2024-03-10 18:27:47,2024-03-10 18:28:57,IP Address,129.97.124.27,100,69,True,2024-03-10 18:28:57,R_3e84cUuBmUfjzhx,,,,,43.474,-80.554,anonymous,EN,0.8999999761581421,1843,3rd Scenario,Moderate,3,Neither agree nor disagree,Somewhat disagree,Slightly late,Somewhat disagree,Somewhat aware,Slightly,,,Somewhat disatisfied,Very confident,Slightly annoying,,,,,,,,,
2024-03-10 18:42:06,2024-03-10 18:46:53,IP Address,129.97.124.27,100,287,True,2024-03-10 18:46:54,R_2QV3SaCSu3G4ACt,,,,,43.474,-80.554,anonymous,EN,0.8999999761581421,1843,4th Scenario,Easy,3,Neither agree nor disagree,Somewhat disagree,Slightly late,Somewhat disagree,Somewhat aware,Slightly,"Car Crashes,An Ambulance",,Neither satisfied nor disatisfied,Moderately confident,Slightly annoying,,4,2,2,3,Definitely the first alert,5,The first alert,"Louder and unique "
2024-03-11 12:40:34,2024-03-11 12:44:56,IP Address,129.97.124.25,100,262,True,2024-03-11 12:44:57,R_2qUmFJbSUizMCQ7,,,,,43.474,-80.554,anonymous,EN,1,1152,1st Scenario,I did not complete the secondary task,2,Somewhat disagree,Neither agree nor disagree,Too late,Strongly disagree,Very aware,Slightly,"Car Crashes,A Moose",,Somewhat disatisfied,Somewhat confident,Very annoying,I think it was too late and it interruped me when I already decides to change the lane.,,,,,,,,
2024-03-11 12:55:16,2024-03-11 12:57:53,IP Address,129.97.124.25,100,156,True,2024-03-11 12:57:53,R_1oC5xMR2NHtVuRL,,,,,43.474,-80.554,anonymous,EN,0.8999999761581421,1152,2nd Scenario,I did not complete the secondary task,5,Somewhat agree,Somewhat agree,Just right,Somewhat agree,Extremely aware,Very much,,,Somewhat satisfied,Moderately confident,Not annoying at all,This one was good!,,,,,,,,
2024-03-11 13:06:41,2024-03-11 13:09:26,IP Address,129.97.124.25,100,164,True,2024-03-11 13:09:27,R_3Emoa11HGNPwSv3,,,,,43.474,-80.554,anonymous,EN,0.8999999761581421,1152,3rd Scenario,Easy,5,Strongly agree,Strongly agree,Just right,Strongly agree,Very aware,Very much,A Moose,,Strongly satisfied,Extremely confident,Not annoying at all,The alert saved me this time!,,,,,,,,
2024-03-11 13:20:25,2024-03-11 13:26:54,IP Address,129.97.124.25,100,388,True,2024-03-11 13:26:55,R_5iyeRSlr8romprQ,,,,,43.474,-80.554,anonymous,EN,0.8999999761581421,1152,4th Scenario,Easy,5,Strongly agree,Strongly agree,Just right,Strongly agree,Very aware,Very much,,,Somewhat satisfied,Extremely confident,Not annoying at all,,4,1,2,1,Definitely the first alert,5,The first alert,I felt it more serious.
2024-03-11 18:33:09,2024-03-11 18:36:21,IP Address,129.97.124.25,100,192,True,2024-03-11 18:36:21,R_7NWd6iFnaUlDD1E,,,,,43.474,-80.554,anonymous,EN,1,1763,1st Scenario,I did not complete the secondary task,2,Somewhat agree,Somewhat disagree,Slightly late,Somewhat agree,Very aware,Slightly,An Ambulance,4,Somewhat disatisfied,Moderately confident,Not annoying at all,"Didn't see a request for when the cars pulled out of the shoulder, and when i took over when i thought the autopilot wouldn't stop it was more muscle memory than looking at the alerts.",,,,,,,,
2024-03-11 18:44:13,2024-03-11 18:47:04,IP Address,129.97.124.25,100,170,True,2024-03-11 18:47:05,R_1N3yLz3tXgLMDi7,,,,,43.474,-80.554,anonymous,EN,1,1763,2nd Scenario,I did not complete the secondary task,5,Somewhat disagree,Strongly agree,Just right,Strongly agree,Very aware,Very much,"A Fire Truck,A Moose",5,Somewhat satisfied,Moderately confident,Not annoying at all,"I took control fairly early, once i saw the two cars infront of me driving a bit odd. What was weird was that I thought i turned off the autopilot and ACC but seemingly it didn't and it auto braked for me, whenbi thought i haf enough time to do so myself.",,,,,,,,
2024-03-11 18:55:03,2024-03-11 18:57:09,IP Address,129.97.124.25,100,126,True,2024-03-11 18:57:10,R_30J0AWO6SmkTllu,,,,,43.474,-80.554,anonymous,EN,1,1763,3rd Scenario,Extremely Easy,5,Strongly agree,Somewhat agree,Slightly late,Somewhat disagree,Somewhat aware,Moderately,A Cyclist,3,Strongly satisfied,Moderately confident,Not annoying at all,"The sound notification was pleasant to hear and was loud enough to grab my attention. I paid attention as i was dtiving toward the truck, so i was prepared to take over.",,,,,,,,
2024-03-11 19:10:05,2024-03-11 19:17:49,IP Address,129.97.124.25,100,463,True,2024-03-11 19:17:49,R_8nBL8hnbXOENE1b,,,,,43.474,-80.554,anonymous,EN,1,1763,4th Scenario,Moderate,5,Strongly agree,Somewhat disagree,Slightly late,Somewhat disagree,Somewhat aware,Moderately,"Car Crashes,An Ambulance",4,Somewhat satisfied,Moderately confident,Not annoying at all,"I think for the lane closure for the traffic conditions that were set, it was okay. I think the secondary task and the curve made it difficult to regain control of the car in a safe manner.",2,1,3,1,Somewhat the second alert,5,The first alert,"The first alert is a lot morw pleasant to hear but in turn doesn't creste an urgency feel. If the sound was tailored with also haptic feel on the steering wheel that would create a better ugency feeling. For the sound itself, maybeba harsher sound depending on the severity of the situation, if possible "
2024-03-11 20:36:36,2024-03-11 20:40:37,IP Address,129.97.124.25,100,241,True,2024-03-11 20:40:37,R_33xQphkMiPhcLRQ,,,,,43.474,-80.554,anonymous,EN,0.8999999761581421,5647,1st Scenario,I did not complete the secondary task,5,Strongly agree,Strongly agree,Slightly late,Strongly agree,Moderately aware,Completely,,4,Strongly satisfied,Very confident,Not annoying at all,I wish the timing was a little earlier. Taking over is also not the easiest because you have to adjust the steering wheel which causes the car to move around.,,,,,,,,
2024-03-11 20:48:20,2024-03-11 20:50:17,IP Address,129.97.124.25,100,116,True,2024-03-11 20:50:18,R_5zZYbjzAMK3QOwF,,,,,43.474,-80.554,anonymous,EN,0.8999999761581421,5647,2nd Scenario,I did not complete the secondary task,5,Strongly agree,Strongly agree,Just right,Strongly agree,Extremely aware,Completely,"A Fire Truck,A Moose",4,Strongly satisfied,Very confident,Not annoying at all,,,,,,,,,
2024-03-11 20:58:29,2024-03-11 21:00:30,IP Address,129.97.124.25,100,120,True,2024-03-11 21:00:31,R_5dht0ddvVbWWblf,,,,,43.474,-80.554,anonymous,EN,0.8999999761581421,5647,3rd Scenario,Demanding,5,Strongly agree,Strongly agree,Just right,Strongly agree,Moderately aware,Completely,,4,Strongly satisfied,Very confident,Not annoying at all,,,,,,,,,
2024-03-11 21:11:02,2024-03-11 21:21:54,IP Address,129.97.124.25,100,651,True,2024-03-11 21:21:54,R_5QrYDARWzvIl4kh,,,,,43.474,-80.554,anonymous,EN,0.8999999761581421,5647,4th Scenario,Extremely Demanding,,,,,,Very aware,,"Car Crashes,A Moose",4,,,,The take over visual alert is less useful than the auditory alert.,3,1,2,2,Somewhat the first alert,3,The first alert,The second one sounds more like a notification with less importance but the first one was more attention grabbing.
2024-03-12 14:32:32,2024-03-12 14:35:02,IP Address,129.97.124.15,100,149,True,2024-03-12 14:35:03,R_2xfIQuskN7BGjQZ,,,,,43.474,-80.554,anonymous,EN,1,7452,1st Scenario,I did not complete the secondary task,4,Strongly agree,Strongly agree,Just right,Somewhat agree,Moderately aware,Very much,"Car Crashes,A Moose",3,Somewhat satisfied,Very confident,Slightly annoying,"Can be difficult to look down at the alert system when driving, you can forget what is going on around you when looking down",,,,,,,,
2024-03-12 14:43:20,2024-03-12 14:45:23,IP Address,129.97.124.15,100,122,True,2024-03-12 14:45:23,R_8wgiLeGKR9q8xed,,,,,43.474,-80.554,anonymous,EN,1,7452,2nd Scenario,I did not complete the secondary task,5,Strongly agree,Somewhat disagree,Just right,Somewhat agree,Moderately aware,Very much,A Cyclist,4,Somewhat satisfied,Very confident,Slightly annoying,Can take some time to read the alert,,,,,,,,
2024-03-12 14:53:23,2024-03-12 14:55:12,IP Address,129.97.124.15,100,108,True,2024-03-12 14:55:12,R_1rMU22JgVbbbRPM,,,,,43.474,-80.554,anonymous,EN,1,7452,3rd Scenario,Moderate,5,Somewhat agree,Strongly agree,Just right,Somewhat agree,Moderately aware,Very much,"A Fire Truck,A Moose",4,Somewhat satisfied,Very confident,Not annoying at all,,,,,,,,,
2024-03-12 15:01:46,2024-03-12 15:13:06,IP Address,129.97.124.15,100,679,True,2024-03-12 15:13:07,R_15T4lY8rLM6laiH,,,,,43.474,-80.554,anonymous,EN,1,7452,4th Scenario,Moderate,4,Somewhat agree,Somewhat agree,Just right,Strongly agree,Moderately aware,Very much,An Ambulance,4,Somewhat satisfied,Very confident,Not annoying at all,,3,1,1,1,Definitely the first alert,5,The first alert,"Louder, longer, more urgent sounding "
2024-03-12 18:36:11,2024-03-12 18:37:59,IP Address,129.97.124.15,100,107,True,2024-03-12 18:37:59,R_3H7OAIAPPRmpmNj,,,,,43.474,-80.554,anonymous,EN,1,5823,1st Scenario,I did not complete the secondary task,4,Somewhat disagree,Somewhat disagree,Slightly late,Neither agree nor disagree,Extremely aware,Completely,,4,Somewhat disatisfied,Very confident,Not annoying at all,,,,,,,,,
2024-03-12 18:46:45,2024-03-12 18:48:19,IP Address,129.97.124.15,100,94,True,2024-03-12 18:48:19,R_3X7Eun4xUn1gxJl,,,,,43.474,-80.554,anonymous,EN,1,5823,2nd Scenario,I did not complete the secondary task,3,Neither agree nor disagree,Somewhat disagree,Just right,Strongly disagree,Extremely aware,Slightly,A Cyclist,3,Somewhat disatisfied,Extremely confident,Slightly annoying,,,,,,,,,
2024-03-12 18:56:29,2024-03-12 18:58:00,IP Address,129.97.124.15,100,90,True,2024-03-12 18:58:00,R_3ZOiCnUHMwvCFvr,,,,,43.474,-80.554,anonymous,EN,1,5823,3rd Scenario,Demanding,4,Somewhat disagree,Somewhat agree,Just right,Somewhat agree,Somewhat aware,Very much,A Moose,3,Neither satisfied nor disatisfied,Very confident,Moderately annoying,,,,,,,,,
2024-03-12 19:08:44,2024-03-12 19:14:12,IP Address,129.97.124.15,100,328,True,2024-03-12 19:14:13,R_31dUoG0x8kwLO84,,,,,43.474,-80.554,anonymous,EN,1,5823,4th Scenario,Demanding,4,Somewhat disagree,Somewhat disagree,Slightly early,Somewhat disagree,Somewhat aware,Moderately,A Moose,3,Somewhat disatisfied,Extremely confident,Moderately annoying,,1,2,1,1,Somewhat the first alert,2,The first alert,The first alert seems more serious however still not as serious as some others i have encountered in real cars
2024-03-13 19:55:22,2024-03-13 19:57:36,IP Address,129.97.124.27,100,134,True,2024-03-13 19:57:37,R_3rOIPz30zUUNeug,,,,,43.474,-80.554,anonymous,EN,0.800000011920929,9345,1st Scenario,Extremely Easy,5,Strongly agree,Strongly agree,Slightly early,Strongly agree,Very aware,Completely,,4,Strongly satisfied,Very confident,Not annoying at all,,,,,,,,,
2024-03-13 20:05:26,2024-03-13 20:06:53,IP Address,129.97.124.27,100,86,True,2024-03-13 20:06:54,R_2P6wbmAYteEcLZG,,,,,43.474,-80.554,anonymous,EN,0.8999999761581421,9345,2nd Scenario,Extremely Easy,5,Strongly agree,Strongly agree,Just right,Strongly agree,Extremely aware,Moderately,"A Fire Truck,A Moose",5,Strongly satisfied,Extremely confident,Not annoying at all,,,,,,,,,
2024-03-13 20:15:07,2024-03-13 20:16:32,IP Address,129.97.124.27,100,85,True,2024-03-13 20:16:33,R_2B8S5jT4uE54mlC,,,,,43.474,-80.554,anonymous,EN,0.8999999761581421,9345,3rd Scenario,Moderate,5,Strongly agree,Strongly agree,Just right,Strongly agree,Extremely aware,Slightly,A Cyclist,5,Strongly satisfied,Extremely confident,Not annoying at all,,,,,,,,,
2024-03-13 20:27:08,2024-03-13 20:32:35,IP Address,129.97.124.27,100,327,True,2024-03-13 20:32:36,R_2fCSaQhtWDv2CA4,,,,,43.474,-80.554,anonymous,EN,0.8999999761581421,9345,4th Scenario,Moderate,5,Strongly agree,Strongly agree,Just right,Strongly agree,Very aware,Slightly,"Car Crashes,A Moose",5,Strongly satisfied,Extremely confident,Not annoying at all,,5,1,4,3,Definitely the first alert,4,The first alert,The second alert sounded more like a mobile phone notification.
2024-03-15 10:55:57,2024-03-15 10:59:10,IP Address,129.97.124.24,100,192,True,2024-03-15 10:59:10,R_2czRJdIEvj8pBfn,,,,,43.474,-80.554,anonymous,EN,1,2890,1st Scenario,I did not complete the secondary task,4,Strongly agree,Neither agree nor disagree,Slightly late,Strongly agree,Extremely aware,Not at all,A Moose,4,Somewhat satisfied,Very confident,Not annoying at all,,,,,,,,,
2024-03-15 11:06:45,2024-03-15 11:08:58,IP Address,129.97.124.24,100,133,True,2024-03-15 11:08:58,R_7dKZ887Zn80VVrZ,,,,,43.474,-80.554,anonymous,EN,0.8999999761581421,2890,2nd Scenario,I did not complete the secondary task,5,Strongly agree,Strongly agree,Just right,Strongly agree,Very aware,Very much,A Moose,4,Strongly satisfied,Very confident,Not annoying at all,,,,,,,,,
2024-03-15 11:18:08,2024-03-15 11:20:15,IP Address,129.97.124.24,100,127,True,2024-03-15 11:20:16,R_3r2k0Qrrzfxpio0,,,,,43.474,-80.554,anonymous,EN,0.8999999761581421,2890,3rd Scenario,Demanding,3,Strongly agree,Neither agree nor disagree,Just right,Strongly agree,Moderately aware,Slightly,A Cyclist,4,Somewhat satisfied,Extremely confident,Not annoying at all,,,,,,,,,
2024-03-15 11:27:14,2024-03-15 11:33:36,IP Address,129.97.124.24,100,381,True,2024-03-15 11:33:36,R_3FnrtUSiGAN2Dkd,,,,,43.474,-80.554,anonymous,EN,0.8999999761581421,2890,4th Scenario,Demanding,5,Somewhat agree,Neither agree nor disagree,Slightly late,Somewhat agree,Moderately aware,Slightly,,4,Somewhat satisfied,Moderately confident,Not annoying at all,,4,1,2,2,Definitely the first alert,4,The first alert,First one is more attention grabbing
2024-03-15 12:38:51,2024-03-15 12:41:41,IP Address,129.97.124.24,100,169,True,2024-03-15 12:41:42,R_178p4DdXkH1ZGyo,,,,,43.474,-80.554,anonymous,EN,0.8999999761581421,5310,1st Scenario,I did not complete the secondary task,4,Somewhat agree,Somewhat agree,Slightly early,Somewhat agree,Moderately aware,Slightly,,3,Somewhat disatisfied,Moderately confident,Slightly annoying,"If the alerts had some sort of haptic feedback on the wheel or a chime, they would have been much easier to comprehend",,,,,,,,
2024-03-15 12:49:00,2024-03-15 12:51:37,IP Address,129.97.124.24,100,157,True,2024-03-15 12:51:38,R_2MLMoommXPYzKiM,,,,,43.474,-80.554,anonymous,EN,0.8999999761581421,5310,2nd Scenario,I did not complete the secondary task,5,Strongly agree,Somewhat agree,Just right,Somewhat agree,Very aware,Moderately,"Car Crashes,A Moose",4,Strongly satisfied,Moderately confident,Not annoying at all,Instead of having to choose and gamble when the lane keep assist will start working it would be easier if the car itself gave me a prompt when its ready to keep in the center of the lane as the guessing work makes it a bit difficult,,,,,,,,
2024-03-15 13:00:30,2024-03-15 13:04:37,IP Address,129.97.124.24,100,246,True,2024-03-15 13:04:38,R_1IiweaAgG5oUiIv,,,,,43.474,-80.554,anonymous,EN,0.800000011920929,5310,3rd Scenario,Easy,,,,,,Very aware,,,4,,,,,,,,,,,,
2024-03-15 13:15:58,2024-03-15 13:22:23,IP Address,129.97.124.24,100,385,True,2024-03-15 13:22:23,R_5CIbD5sieZA8goP,,,,,43.474,-80.554,anonymous,EN,0.800000011920929,5310,4th Scenario,Extremely Easy,4,Somewhat agree,Somewhat agree,Just right,Strongly agree,Very aware,Moderately,A Moose,5,Somewhat satisfied,Very confident,Not annoying at all,,5,1,2,4,Definitely the first alert,4,The first alert,"If the alert is something urgent, definitely the first one since I did not feel the need to look at the dashboard and knew something is wrong but with the second one it didnt feel that urgent and made me think it can be something trivial so I had to look over and read what it said to understand whats going on"
2024-03-16 12:51:09,2024-03-16 12:57:06,IP Address,129.97.124.24,100,357,True,2024-03-16 12:57:07,R_2H8iryDU6wtoPgo,,,,,43.474,-80.554,anonymous,EN,1,6028,1st Scenario,I did not complete the secondary task,,,,,,Moderately aware,,,2,,,,Did not receive an alert (took over before). Autopilot was a little faulty during a curve.,,,,,,,,
2024-03-16 13:04:50,2024-03-16 13:08:04,IP Address,129.97.124.24,100,194,True,2024-03-16 13:08:05,R_5jv4DNua1bB8grT,,,,,43.474,-80.554,anonymous,EN,1,6028,2nd Scenario,I did not complete the secondary task,5,Somewhat disagree,Somewhat disagree,Slightly late,Somewhat agree,Moderately aware,Moderately,A Moose,4,Somewhat satisfied,Somewhat confident,Not annoying at all,Alert was well timed but its message could have been more clear. Told me to take over but there was also a car in the adjacent lane.,,,,,,,,
2024-03-16 13:17:39,2024-03-16 13:20:13,IP Address,129.97.124.24,100,154,True,2024-03-16 13:20:14,R_7G2LDArULZkE4HK,,,,,43.474,-80.554,anonymous,EN,1,6028,3rd Scenario,Moderate,5,Somewhat agree,Strongly agree,Slightly late,Somewhat agree,Moderately aware,Very much,,3,Somewhat satisfied,Moderately confident,Not annoying at all,Alert could have been slightly earlier for improved safety.,,,,,,,,
2024-03-16 13:27:17,2024-03-16 13:33:35,IP Address,129.97.124.24,100,377,True,2024-03-16 13:33:35,R_1m4aNHiQCxkjWJY,,,,,43.474,-80.554,anonymous,EN,1,6028,4th Scenario,Moderate,5,Somewhat agree,Somewhat agree,Slightly late,Somewhat agree,Moderately aware,Very much,,4,Somewhat satisfied,Moderately confident,Not annoying at all,,4,1,3,2,Somewhat the first alert,4,The first alert,Sounded more critical. The second alert sounded like a text notification.
2024-03-16 14:46:50,2024-03-16 14:55:11,IP Address,129.97.124.24,100,501,True,2024-03-16 14:55:12,R_16kF3EjGkPp03nQ,,,,,43.474,-80.554,anonymous,EN,1,8921,1st Scenario,I did not complete the secondary task,3,Neither agree nor disagree,Somewhat disagree,Slightly early,Somewhat agree,Very aware,Moderately,,4,Somewhat satisfied,Moderately confident,Not annoying at all,"The alert was a little bit earlier so I didn't understand what caused it, after some seconds I saw the problem and took over the control.",,,,,,,,
2024-03-16 15:10:38,2024-03-16 15:13:39,IP Address,129.97.124.24,100,181,True,2024-03-16 15:13:40,R_6UbXijHS9GvBubM,,,,,43.474,-80.554,anonymous,EN,1,8921,2nd Scenario,I did not complete the secondary task,4,Somewhat agree,Somewhat agree,Slightly early,Somewhat agree,Very aware,Moderately,"An Ambulance,A Moose",4,Neither satisfied nor disatisfied,Moderately confident,Slightly annoying,,,,,,,,,
2024-03-16 15:23:24,2024-03-16 15:28:14,IP Address,129.97.124.24,100,290,True,2024-03-16 15:28:15,R_7OUMMqEnkF6fjOw,,,,,43.474,-80.554,anonymous,EN,1,8921,3rd Scenario,Demanding,4,Somewhat agree,Neither agree nor disagree,Just right,Somewhat agree,Very aware,Moderately,A Cyclist,4,Somewhat satisfied,Moderately confident,Not annoying at all,"The secondary task made me to focus more on the traffic surrounding, it was really demanding and hard to keep when the car on the side showed signs of weird behavior.",,,,,,,,
2024-03-16 15:39:44,2024-03-16 15:42:28,IP Address,129.97.124.24,100,164,True,2024-03-16 15:42:29,R_7PdXMsx2CbTHLkt,,,,,43.474,-80.554,anonymous,EN,1,8921,4th Scenario,Demanding,5,Somewhat agree,Strongly agree,Just right,Strongly agree,Moderately aware,Very much,,4,Somewhat satisfied,Moderately confident,Not annoying at all,"I didn't really notice the obstacle at first, so the signals were really helpful",,,,,,,,
2024-03-16 16:44:52,2024-03-16 16:47:58,IP Address,129.97.124.24,100,185,True,2024-03-16 16:47:59,R_2F6fZ3njNjvrjUJ,,,,,43.474,-80.554,anonymous,EN,1,2768,1st Scenario,I did not complete the secondary task,3,Somewhat agree,Neither agree nor disagree,Slightly late,Somewhat disagree,Very aware,Slightly,A Moose,3,Somewhat disatisfied,Very confident,Not annoying at all,I felt the audio effect did not raise the urgency of the situation enough,,,,,,,,
2024-03-16 16:55:42,2024-03-16 16:58:34,IP Address,129.97.124.24,100,172,True,2024-03-16 16:58:34,R_1FKBudnUc6qCdKi,,,,,43.474,-80.554,anonymous,EN,1,2768,2nd Scenario,I did not complete the secondary task,5,Somewhat agree,Somewhat agree,Just right,Strongly agree,Moderately aware,Completely,"A Fire Truck,A Moose",3,Somewhat satisfied,Very confident,Not annoying at all,Alert warned me before i saw the car in front come to a stop. Helped me understand the situation,,,,,,,,
2024-03-16 17:07:01,2024-03-16 17:09:21,IP Address,129.97.124.24,100,140,True,2024-03-16 17:09:22,R_3KIwE82HtRl1S0Z,,,,,43.474,-80.554,anonymous,EN,1,2768,3rd Scenario,Demanding,3,Strongly disagree,Strongly disagree,Too late,Strongly disagree,Somewhat aware,Moderately,,3,Strongly disatisfied,Moderately confident,Not annoying at all,Alert sounded differently compared to the previous two scenarios. Did not understand what it wanted me to do,,,,,,,,
2024-03-16 17:19:46,2024-03-16 17:24:45,IP Address,129.97.124.24,100,298,True,2024-03-16 17:24:45,R_7E6Dx4ufNrdLRJs,,,,,43.474,-80.554,anonymous,EN,0.8999999761581421,2768,4th Scenario,Demanding,4,Somewhat agree,Strongly agree,Just right,Strongly agree,Moderately aware,Very much,,3,Somewhat satisfied,Very confident,Not annoying at all,,2,1,4,2,Definitely the second alert,5,The second alert,More sense of urgency
2024-03-18 12:31:39,2024-03-18 12:34:25,IP Address,129.97.124.25,100,166,True,2024-03-18 12:34:26,R_3jyIkd75553oovf,,,,,43.474,-80.554,anonymous,EN,0.800000011920929,3245,1st Scenario,I did not complete the secondary task,4,Somewhat agree,Somewhat agree,Slightly late,Neither agree nor disagree,Moderately aware,Slightly,,4,Neither satisfied nor disatisfied,Very confident,Not annoying at all,,,,,,,,,
2024-03-18 12:44:23,2024-03-18 12:46:43,IP Address,129.97.124.25,100,140,True,2024-03-18 12:46:44,R_5ykIb2EIkYawaEX,,,,,43.474,-80.554,anonymous,EN,0.8999999761581421,3245,2nd Scenario,I did not complete the secondary task,3,Somewhat agree,Neither agree nor disagree,Slightly late,Somewhat agree,Moderately aware,Moderately,,4,Neither satisfied nor disatisfied,Not confident at all,Not annoying at all,,,,,,,,,
2024-03-18 12:55:19,2024-03-18 12:58:16,IP Address,129.97.124.25,100,177,True,2024-03-18 12:58:17,R_2tDgz4QvQvff9hD,,,,,43.474,-80.554,anonymous,EN,0.8999999761581421,3245,3rd Scenario,Demanding,4,Somewhat agree,Somewhat agree,Just right,Somewhat agree,Not aware at all,Very much,"A Fire Truck,A Moose",5,Strongly satisfied,Moderately confident,Not annoying at all,,,,,,,,,
2024-03-18 13:09:14,2024-03-18 13:16:11,IP Address,129.97.124.25,100,416,True,2024-03-18 13:16:11,R_3F2RDFQtFTUU2Oc,,,,,43.474,-80.554,anonymous,EN,0.8999999761581421,3245,4th Scenario,Extremely Demanding,5,Strongly agree,Somewhat agree,Just right,Somewhat agree,Not aware at all,Very much,"Car Crashes,An Ambulance,A Moose",4,Strongly satisfied,Very confident,Not annoying at all,,4,1,5,1,Somewhat the second alert,3,The second alert,"First seemed like a small warning, while second was more demanding"
2024-03-18 14:34:56,2024-03-18 14:38:03,IP Address,129.97.124.25,100,186,True,2024-03-18 14:38:04,R_7f26VOJvGphKOIG,,,,,43.474,-80.554,anonymous,EN,0.8999999761581421,6795,1st Scenario,Easy,3,Somewhat disagree,Somewhat disagree,Slightly late,Somewhat agree,Very aware,Slightly,,3,Somewhat disatisfied,Very confident,Not annoying at all,I processed the visual of the car before the alert began. I could not easily read the alert.,,,,,,,,
2024-03-18 14:46:44,2024-03-18 14:49:09,IP Address,129.97.124.25,100,144,True,2024-03-18 14:49:09,R_19uywOsS31wi7OV,,,,,43.474,-80.554,anonymous,EN,0.8999999761581421,6795,2nd Scenario,Extremely Easy,4,Somewhat agree,Somewhat agree,Just right,Somewhat agree,Very aware,Very much,A Cyclist,4,Somewhat satisfied,Very confident,Not annoying at all,"Sound alert was helpful, but visual not so much as I was not actively looking at the dashboard.",,,,,,,,
2024-03-18 14:57:33,2024-03-18 14:59:12,IP Address,129.97.124.25,100,98,True,2024-03-18 14:59:13,R_7PB60IqBvurUYuj,,,,,43.474,-80.554,anonymous,EN,0.8999999761581421,6795,3rd Scenario,Demanding,5,Somewhat agree,Strongly agree,Just right,Strongly agree,Moderately aware,Very much,A Moose,4,Somewhat satisfied,Very confident,Not annoying at all,,,,,,,,,
2024-03-18 15:10:15,2024-03-18 15:16:21,IP Address,129.97.124.25,100,366,True,2024-03-18 15:16:22,R_1JLb0kgGs5U8gww,,,,,43.474,-80.554,anonymous,EN,0.699999988079071,6795,4th Scenario,Demanding,3,Somewhat agree,Somewhat disagree,Slightly late,Somewhat agree,Moderately aware,Slightly,A Moose,4,Somewhat satisfied,Extremely confident,Not annoying at all,,4,1,4,3,Both equally,5,The first alert,Second one felt more urgent and anxiety provoking.
2024-03-18 20:13:26,2024-03-18 20:16:14,IP Address,129.97.124.15,100,167,True,2024-03-18 20:16:15,R_78vQDA5u2Kyr9yp,,,,,43.474,-80.554,anonymous,EN,1,4198,1st Scenario,Extremely Easy,4,Neither agree nor disagree,Somewhat agree,Slightly late,Somewhat agree,Very aware,Moderately,Car Crashes,3,Somewhat satisfied,Somewhat confident,Slightly annoying,It handled turns a little poorly so i took over,,,,,,,,
2024-03-18 20:24:53,2024-03-18 20:26:33,IP Address,129.97.124.15,100,100,True,2024-03-18 20:26:34,R_5EeP4wwAU7DYf6x,,,,,43.474,-80.554,anonymous,EN,1,4198,2nd Scenario,Moderate,4,Somewhat disagree,Somewhat disagree,Slightly late,Somewhat disagree,Very aware,Slightly,A Cyclist,2,Neither satisfied nor disatisfied,Not confident at all,Moderately annoying,,,,,,,,,
2024-03-18 20:35:06,2024-03-18 20:36:37,IP Address,129.97.124.15,100,91,True,2024-03-18 20:36:38,R_5cosKs78HHhnZle,,,,,43.474,-80.554,anonymous,EN,1,4198,3rd Scenario,Moderate,4,Somewhat agree,Neither agree nor disagree,Just right,Somewhat agree,Moderately aware,Slightly,A Moose,3,Somewhat satisfied,Moderately confident,Not annoying at all,,,,,,,,,
2024-03-18 20:47:44,2024-03-18 20:54:09,IP Address,129.97.124.15,100,385,True,2024-03-18 20:54:10,R_5WpWsf2t5NG3ooF,,,,,43.474,-80.554,anonymous,EN,1,4198,4th Scenario,Moderate,5,Somewhat agree,Somewhat agree,Just right,Somewhat agree,Very aware,Moderately,,3,Somewhat satisfied,Somewhat confident,Not annoying at all,"I thought it was timed very well however having to use brakes to shut off adaptive cruise controll is funky. Even when i used ACC in real life it takes time to getting used to turning off acc with the brake. I feel this might cause accidents to those who dont understand it ",3,2,1,2,Definitely the first alert,4,The first alert,It was quicker in my opinion
2024-03-19 17:13:10,2024-03-19 17:18:12,IP Address,129.97.124.10,100,302,True,2024-03-19 17:18:13,R_12xbMcRLze87dLv,,,,,43.474,-80.554,anonymous,EN,0.8999999761581421,5368,1st Scenario,I did not complete the secondary task,5,Strongly agree,Somewhat agree,Just right,Strongly agree,Extremely aware,Very much,A Moose,4,Strongly satisfied,Extremely confident,Not annoying at all,I realized I need to take control before the alert due to the viewing of the situation. Maybe the timing of control can be slightly earlier,,,,,,,,
2024-03-19 17:26:02,2024-03-19 17:29:02,IP Address,129.97.124.10,100,179,True,2024-03-19 17:29:02,R_5t4eI2d2x08BPj4,,,,,43.474,-80.554,anonymous,EN,1,5368,2nd Scenario,Easy,5,Somewhat agree,Somewhat agree,Too late,Somewhat agree,Moderately aware,Very much,"A Fire Truck,A Moose",4,Somewhat satisfied,Extremely confident,Not annoying at all,,,,,,,,,
2024-03-19 17:38:20,2024-03-19 17:42:46,IP Address,129.97.124.10,100,266,True,2024-03-19 17:42:46,R_1C16o1yiMIVB8OM,,,,,43.474,-80.554,anonymous,EN,0.8999999761581421,5368,3rd Scenario,Extremely Easy,4,Somewhat agree,Strongly agree,Too late,Somewhat disagree,Very aware,Completely,A Cyclist,4,Strongly satisfied,Extremely confident,Not annoying at all,"The sound helps to make me aware of the situation but the timing of alarm wasnt enough to do something. The phone task digitation was easy, but in a real case I would send audios messages or use the word option from the keyboard.",,,,,,,,
2024-03-19 17:55:28,2024-03-19 18:04:14,IP Address,129.97.124.10,100,526,True,2024-03-19 18:04:15,R_20BenXUZAWBXeDv,,,,,43.474,-80.554,anonymous,EN,0.8999999761581421,5368,4th Scenario,Easy,5,Somewhat disagree,Somewhat disagree,Slightly late,Somewhat disagree,Moderately aware,Very much,,4,Strongly satisfied,Extremely confident,Not annoying at all,The sound was good to keep my attention on the streets but I didnt know what was happening.,3,1,3,2,Definitely the first alert,5,The first alert,"It sounds more like urgent the other one sounds more like a alarm clock "
2024-03-20 11:51:01,2024-03-20 11:53:22,IP Address,129.97.124.28,100,140,True,2024-03-20 11:53:23,R_1KrsULaeAYtYfzS,,,,,43.474,-80.554,anonymous,EN,0.8999999761581421,3701,1st Scenario,I did not complete the secondary task,4,Somewhat agree,Somewhat agree,Just right,Somewhat agree,Very aware,Slightly,,2,Neither satisfied nor disatisfied,Moderately confident,Slightly annoying,,,,,,,,,
2024-03-20 12:01:23,2024-03-20 12:02:50,IP Address,129.97.124.28,100,87,True,2024-03-20 12:02:51,R_6NIkDxntMuj05wJ,,,,,43.474,-80.554,anonymous,EN,0.8999999761581421,3701,2nd Scenario,Moderate,4,Somewhat agree,Somewhat agree,Just right,Somewhat agree,Very aware,Very much,A Cyclist,3,Somewhat satisfied,Very confident,Not annoying at all,,,,,,,,,
2024-03-20 12:11:04,2024-03-20 12:12:59,IP Address,129.97.124.28,100,114,True,2024-03-20 12:12:59,R_7ymOKq5OQEBh2Mh,,,,,43.474,-80.554,anonymous,EN,0.8999999761581421,3701,3rd Scenario,Demanding,5,Somewhat agree,Strongly agree,Just right,Somewhat agree,Moderately aware,Very much,"A Fire Truck,A Moose",3,Somewhat satisfied,Moderately confident,Not annoying at all,"

Timing was good, got rear ended cause dostracted by moose and forgot about other cars",,,,,,,,
2024-03-20 12:21:35,2024-03-20 12:28:06,IP Address,129.97.124.28,100,391,True,2024-03-20 12:28:07,R_3fduLhMljrRPlKr,,,,,43.474,-80.554,anonymous,EN,0.8999999761581421,3701,4th Scenario,Moderate,1,Strongly disagree,Strongly agree,Too early,Strongly disagree,Moderately aware,Not at all,"Car Crashes,An Ambulance",3,Strongly disatisfied,Not confident at all,Not annoying at all,Alert didnt go off at highway construction,4,2,4,4,Somewhat the second alert,4,The first alert,Still grabbed my attention in tiemly manner but the sound didnt annoy me as much as the second one. Would get tired of hesring the second alarm after a couple of times
2024-03-20 14:26:57,2024-03-20 14:29:41,IP Address,129.97.124.28,100,163,True,2024-03-20 14:29:42,R_6gOwTIlKpa6gs18,,,,,43.474,-80.554,anonymous,EN,0.8999999761581421,7213,1st Scenario,I did not complete the secondary task,3,Somewhat agree,Neither agree nor disagree,Just right,Somewhat agree,Very aware,Moderately,"An Ambulance,A Fire Truck,A Moose",4,Neither satisfied nor disatisfied,Somewhat confident,Not annoying at all,,,,,,,,,
2024-03-20 14:38:39,2024-03-20 14:40:41,IP Address,129.97.124.28,100,121,True,2024-03-20 14:40:41,R_2YLGk16eNgx6qWz,,,,,43.474,-80.554,anonymous,EN,0.8999999761581421,7213,2nd Scenario,I did not complete the secondary task,4,Somewhat agree,Somewhat agree,Slightly late,Somewhat agree,Very aware,Moderately,,3,Somewhat satisfied,Moderately confident,Not annoying at all,,,,,,,,,
2024-03-20 14:48:50,2024-03-20 14:51:14,IP Address,129.97.124.28,100,143,True,2024-03-20 14:51:15,R_1AWE2J6wqKnuEvj,,,,,43.474,-80.554,anonymous,EN,0.8999999761581421,7213,3rd Scenario,Moderate,3,Somewhat agree,Somewhat disagree,Slightly late,Somewhat disagree,Very aware,Slightly,A Moose,4,Neither satisfied nor disatisfied,Somewhat confident,Not annoying at all,Alert was a bit late,,,,,,,,
2024-03-20 14:57:34,2024-03-20 15:03:39,IP Address,129.97.124.28,100,364,True,2024-03-20 15:03:40,R_7LZgKu7BzOaSjlL,,,,,43.474,-80.554,anonymous,EN,0.8999999761581421,7213,4th Scenario,Moderate,4,Somewhat agree,Somewhat agree,Just right,Somewhat agree,Very aware,Moderately,An Ambulance,4,Somewhat satisfied,Moderately confident,Not annoying at all,,2,1,1,1,Both equally,3,Both are ok,
2024-03-20 16:44:09,2024-03-20 16:57:01,IP Address,129.97.124.28,100,771,True,2024-03-20 16:57:01,R_2ZfKXDNZkzyBRn3,,,,,43.474,-80.554,anonymous,EN,0.5,4532,1st Scenario,I did not complete the secondary task,5,Strongly agree,Strongly agree,Just right,Strongly agree,Moderately aware,Very much,,5,Strongly satisfied,Extremely confident,Not annoying at all,,,,,,,,,
2024-03-20 16:57:09,2024-03-20 17:06:56,IP Address,129.97.124.28,100,587,True,2024-03-20 17:06:57,R_3q8krD0sqjo4Uik,,,,,43.474,-80.554,anonymous,EN,0.800000011920929,4532,2nd Scenario,I did not complete the secondary task,5,Strongly agree,Strongly agree,Just right,Strongly agree,Very aware,Very much,A Cyclist,4,Strongly satisfied,Extremely confident,Not annoying at all,,,,,,,,,
2024-03-20 17:16:01,2024-03-20 17:17:56,IP Address,129.97.124.28,100,114,True,2024-03-20 17:17:56,R_3zuu6nrpxTIarlM,,,,,43.474,-80.554,anonymous,EN,0.800000011920929,4532,3rd Scenario,Moderate,5,Strongly agree,Strongly agree,Just right,Strongly agree,Moderately aware,Completely,"A Fire Truck,A Moose",4,Strongly satisfied,Extremely confident,Not annoying at all,,,,,,,,,
2024-03-20 17:28:54,2024-03-20 17:37:53,IP Address,129.97.124.28,100,539,True,2024-03-20 17:37:53,R_3fa1lR9DnbzyWcO,,,,,43.474,-80.554,anonymous,EN,0.5,4532,4th Scenario,Moderate,5,Strongly agree,Strongly agree,Just right,Strongly agree,Very aware,Very much,"Car Crashes,A Moose",4,Strongly satisfied,Extremely confident,Not annoying at all,"Over the scenarios I started to feel more confident with the auto pilot ",5,1,5,2,Definitely the first alert,5,The first alert,"I get used for the first alert over the scenarios so I hear this sound I knew that I should be alert "
2024-03-21 14:25:36,2024-03-21 14:30:15,IP Address,129.97.124.5,100,278,True,2024-03-21 14:30:16,R_7LcKQLmTk0O9vIq,,,,,43.474,-80.554,anonymous,EN,0.8999999761581421,5936,1st Scenario,I did not complete the secondary task,2,Neither agree nor disagree,Somewhat disagree,Just right,Neither agree nor disagree,Very aware,Slightly,,3,Neither satisfied nor disatisfied,Very confident,Not annoying at all,,,,,,,,,
2024-03-21 14:38:20,2024-03-21 14:41:38,IP Address,129.97.124.5,100,197,True,2024-03-21 14:41:38,R_1IbLXmqGSSBVd1m,,,,,43.474,-80.554,anonymous,EN,0.8999999761581421,5936,2nd Scenario,Easy,5,Strongly agree,Somewhat agree,Just right,Strongly agree,Very aware,Very much,A Moose,3,Somewhat satisfied,Very confident,Slightly annoying,,,,,,,,,
2024-03-21 14:51:05,2024-03-21 14:54:57,IP Address,129.97.124.5,100,232,True,2024-03-21 14:54:57,R_83VgMIm7LjZzajD,,,,,43.474,-80.554,anonymous,EN,0.8999999761581421,5936,3rd Scenario,Demanding,5,Strongly agree,Somewhat agree,Slightly late,Neither agree nor disagree,Extremely aware,Moderately,,3,Somewhat satisfied,Moderately confident,Not annoying at all,,,,,,,,,
2024-03-21 15:02:11,2024-03-21 15:10:59,IP Address,129.97.124.5,100,528,True,2024-03-21 15:10:59,R_3XspbX9zUN1njep,,,,,43.474,-80.554,anonymous,EN,0.8999999761581421,5936,4th Scenario,Demanding,5,Strongly agree,Somewhat agree,Just right,Strongly agree,Very aware,Slightly,,3,Somewhat satisfied,Moderately confident,Not annoying at all,,3,1,4,1,Definitely the second alert,4,The second alert,It felt more urgent
2024-03-22 12:20:43,2024-03-22 12:23:48,IP Address,129.97.124.8,100,184,True,2024-03-22 12:23:48,R_3NQU2K999KQQmPQ,,,,,43.474,-80.554,anonymous,EN,0.699999988079071,3265,1st Scenario,I did not complete the secondary task,3,Somewhat agree,Somewhat agree,Slightly late,Somewhat disagree,Very aware,Moderately,,4,Somewhat satisfied,Very confident,Not annoying at all,"I would perfer them to be slightly earlier. ",,,,,,,,
2024-03-22 12:32:27,2024-03-22 12:35:57,IP Address,129.97.124.8,100,209,True,2024-03-22 12:35:57,R_1OjoePJR8NbpcCR,,,,,43.474,-80.554,anonymous,EN,0.8999999761581421,3265,2nd Scenario,I did not complete the secondary task,2,Somewhat disagree,Strongly disagree,Slightly late,Somewhat disagree,Very aware,Not at all,A Cyclist,2,Neither satisfied nor disatisfied,Very confident,Not annoying at all,Im finding that im ahead of the alerts and they are secondary to what is happening when im driving,,,,,,,,
2024-03-22 12:44:19,2024-03-22 12:46:59,IP Address,129.97.124.8,100,160,True,2024-03-22 12:47:00,R_1PyGJWie4I8LYpx,,,,,43.474,-80.554,anonymous,EN,0.8999999761581421,3265,3rd Scenario,Extremely Easy,5,Strongly agree,Strongly disagree,Slightly late,Strongly agree,Moderately aware,Very much,A Moose,5,Strongly satisfied,Extremely confident,Not annoying at all,I relied entirely on the sound to alert me and not on any visual messages,,,,,,,,
2024-03-22 12:58:40,2024-03-22 13:06:42,IP Address,129.97.124.8,100,481,True,2024-03-22 13:06:42,R_7w4DQylPKNQwDEl,,,,,43.474,-80.554,anonymous,EN,0.8999999761581421,3265,4th Scenario,Extremely Easy,5,Somewhat agree,Somewhat agree,Slightly late,Somewhat agree,Moderately aware,Very much,A Moose,4,Somewhat satisfied,Very confident,Not annoying at all,"Still rely on the sound before any visual alert and had alreqdy taken control before the alerts came on. ",2,1,2,1,Somewhat the first alert,5,Both are ok,
2024-03-23 15:15:02,2024-03-23 15:20:44,IP Address,129.97.124.8,100,341,True,2024-03-23 15:20:45,R_1YPJPiyzsA3kshl,,,,,43.474,-80.554,anonymous,EN,0.8999999761581421,5490,1st Scenario,I did not complete the secondary task,5,Somewhat disagree,Somewhat disagree,Slightly late,Somewhat disagree,Somewhat aware,Very much,A Moose,5,Somewhat disatisfied,Somewhat confident,Slightly annoying,"It did not give me enough information to be able to react, I wasn't informed of what the alert meant and by instict juat kept driving and changed lanes to avoid the road block. ",,,,,,,,
2024-03-23 15:28:40,2024-03-23 15:31:42,IP Address,129.97.124.8,100,182,True,2024-03-23 15:31:43,R_2unLI3VbVyVlWpz,,,,,43.474,-80.554,anonymous,EN,0.8999999761581421,5490,2nd Scenario,I did not complete the secondary task,5,Somewhat agree,Somewhat disagree,Too late,Strongly disagree,Somewhat aware,Very much,,5,Somewhat disatisfied,Not confident at all,Slightly annoying,I was feeling sleepy and the alert brought me back to the road,,,,,,,,
2024-03-23 15:40:34,2024-03-23 15:43:24,IP Address,129.97.124.8,100,170,True,2024-03-23 15:43:25,R_7jdCAAZ3H12M1Ei,,,,,43.474,-80.554,anonymous,EN,0.8999999761581421,5490,3rd Scenario,Demanding,5,Somewhat disagree,Somewhat disagree,Just right,Somewhat agree,Somewhat aware,Very much,"A Fire Truck,A Moose",5,Neither satisfied nor disatisfied,Somewhat confident,Slightly annoying,"The task gave me something to distract me, the automated driving can be boring",,,,,,,,
2024-03-23 15:50:02,2024-03-23 15:57:49,IP Address,129.97.124.8,100,467,True,2024-03-23 15:57:50,R_1B2lLBLf0DS7R7P,,,,,43.474,-80.554,anonymous,EN,0.8999999761581421,5490,4th Scenario,Demanding,1,Strongly disagree,Strongly agree,Too early,Strongly disagree,Somewhat aware,Not at all,,5,Strongly disatisfied,Not confident at all,Not annoying at all,,4,2,1,3,Definitely the first alert,5,The first alert,"It catches your attention more than the second one. It also sounds more like an emergency, the second one sounds like a not so important notification"
2024-03-23 17:12:01,2024-03-23 17:19:24,IP Address,129.97.124.8,100,443,True,2024-03-23 17:19:25,R_5F3TGHggnUPsIJ9,,,,,43.474,-80.554,anonymous,EN,0.8999999761581421,3854,1st Scenario,I did not complete the secondary task,3,Somewhat disagree,Somewhat agree,Just right,Somewhat disagree,Extremely aware,Moderately,A Moose,4,Somewhat disatisfied,Moderately confident,Not annoying at all,"The sound of the allerts is a liitle bit low. It took me 1 second to realize it is a alert. ",,,,,,,,
2024-03-23 17:29:14,2024-03-23 17:32:37,IP Address,129.97.124.8,100,203,True,2024-03-23 17:32:38,R_2q4BfhgLtIw61W3,,,,,43.474,-80.554,anonymous,EN,0.8999999761581421,3854,2nd Scenario,I did not complete the secondary task,4,Strongly agree,Strongly agree,Just right,Strongly agree,Very aware,Very much,A Fire Truck,4,Somewhat satisfied,Very confident,Not annoying at all,,,,,,,,,
2024-03-23 17:41:52,2024-03-23 17:44:24,IP Address,129.97.124.8,100,151,True,2024-03-23 17:44:24,R_3Kpyohgr4hzPhwu,,,,,43.474,-80.554,anonymous,EN,0.8999999761581421,3854,3rd Scenario,Demanding,5,Strongly agree,Strongly agree,Just right,Strongly agree,Moderately aware,Completely,,5,Strongly satisfied,Very confident,Not annoying at all,,,,,,,,,
2024-03-23 17:50:35,2024-03-23 18:01:21,IP Address,129.97.124.8,100,645,True,2024-03-23 18:01:21,R_3R8NP90dVKDDDAi,,,,,43.474,-80.554,anonymous,EN,0.8999999761581421,3854,4th Scenario,Demanding,5,Strongly agree,Strongly agree,Just right,Strongly agree,Moderately aware,Very much,,5,Strongly satisfied,Very confident,Not annoying at all,,2,1,1,1,Definitely the first alert,2,The first alert,"When driving, I focus more on the road condition and will not look at the dashboard very often. The sound will attract my attention easier"
